Workbook

Sheet PDS-Marks
A1: Sr.No. | B1: PRN | C1: Name | D1: Mid Term | E1: Assignment in R | F1: Mid term Total | G1: Class Test | H1: Assignment | I1: Class test | J1: Project | K1: Total
D2: 44778 | E2: 44789 | G2: 44811 | H2: 44814 | I2: 44825 | J2: 44825
D3: 44805 | E3: 44805 | G3: 44824 | H3: 44824 | I3: 44826 | J3: 44826
D4: 10 | E4: 10 | F4: 20 | G4: 5 | H4: 5 | I4: 15 | J4: 15 | K4: =SUM(F4,G4,H4,I4,J4) -> 60
A5: 1 | B5: 22020845001 | C5: ABIN ALIAS | D5: 4 | E5: 8 | F5: =SUM(D5:E5) -> 12 | G5: 3 | H5: 4 | I5: =VLOOKUP(B5,'Quiz Marks'!A:B,2,FALSE) -> 12 | J5: =VLOOKUP(B5,Project!B:E,4,FALSE) -> 10 | K5: =SUM(F5,G5,H5,I5,J5) -> 41
A6: 2 | B6: 22020845002 | C6: AKSHAY REDDY TUPALLY | D6: 7.5 | E6: 8 | F6: =SUM(D6:E6) -> 15.5 | G6: 4 | H6: 5 | I6: =VLOOKUP(B6,'Quiz Marks'!A:B,2,FALSE) -> 10 | J6: =VLOOKUP(B6,Project!B:E,4,FALSE) -> 10 | K6: =SUM(F6,G6,H6,I6,J6) -> 44.5
A7: 3 | B7: 22020845003 | C7: ALISHA SAMAL | D7: 3 | E7: 9 | F7: =SUM(D7:E7) -> 12 | G7: 2 | H7: 4 | I7: =VLOOKUP(B7,'Quiz Marks'!A:B,2,FALSE) -> 12 | J7: =VLOOKUP(B7,Project!B:E,4,FALSE) -> 9 | K7: =SUM(F7,G7,H7,I7,J7) -> 39
A8: 4 | B8: 22020845004 | C8: AMAN VOHRA | D8: 3 | E8: 8 | F8: =SUM(D8:E8) -> 11 | G8: 2 | H8: 4 | I8: =VLOOKUP(B8,'Quiz Marks'!A:B,2,FALSE) -> 8 | J8: =VLOOKUP(B8,Project!B:E,4,FALSE) -> 10 | K8: =SUM(F8,G8,H8,I8,J8) -> 35
A9: 5 | B9: 22020845005 | C9: ANISHA KOUL | D9: 4 | E9: 7.5 | F9: =SUM(D9:E9) -> 11.5 | G9: 3 | H9: 4 | I9: =VLOOKUP(B9,'Quiz Marks'!A:B,2,FALSE) -> 6 | J9: =VLOOKUP(B9,Project!B:E,4,FALSE) -> 9 | K9: =SUM(F9,G9,H9,I9,J9) -> 33.5
A10: 6 | B10: 22020845006 | C10: ANUJ GAUR | D10: 0 | E10: 8 | F10: =SUM(D10:E10) -> 8 | G10: 3 | H10: 4 | I10: =VLOOKUP(B10,'Quiz Marks'!A:B,2,FALSE) -> 9 | J10: =VLOOKUP(B10,Project!B:E,4,FALSE) -> 11 | K10: =SUM(F10,G10,H10,I10,J10) -> 35
A11: 7 | B11: 22020845007 | C11: ANURAG MESHRAM | D11: 3 | E11: 8.5 | F11: =SUM(D11:E11) -> 11.5 | G11: 3 | H11: 4 | I11: =VLOOKUP(B11,'Quiz Marks'!A:B,2,FALSE) -> 10 | J11: =VLOOKUP(B11,Project!B:E,4,FALSE) -> 12 | K11: =SUM(F11,G11,H11,I11,J11) -> 40.5
A12: 8 | B12: 22020845008 | C12: ARITRA KARAN | D12: 3 | E12: 9.5 | F12: =SUM(D12:E12) -> 12.5 | G12: 3 | H12: 4 | I12: =VLOOKUP(B12,'Quiz Marks'!A:B,2,FALSE) -> 4 | J12: =VLOOKUP(B12,Project!B:E,4,FALSE) -> 13 | K12: =SUM(F12,G12,H12,I12,J12) -> 36.5
A13: 9 | B13: 22020845009 | C13: ARNAV CHAUHAN | D13: 4 | E13: 8 | F13: =SUM(D13:E13) -> 12 | G13: 3 | H13: 4 | I13: =VLOOKUP(B13,'Quiz Marks'!A:B,2,FALSE) -> 10 | J13: =VLOOKUP(B13,Project!B:E,4,FALSE) -> 9 | K13: =SUM(F13,G13,H13,I13,J13) -> 38
A14: 10 | B14: 22020845010 | C14: BISWAS MANISH DILIP | D14: 3 | E14: 8.5 | F14: =SUM(D14:E14) -> 11.5 | G14: 2 | H14: 4 | I14: =VLOOKUP(B14,'Quiz Marks'!A:B,2,FALSE) -> 7 | J14: =VLOOKUP(B14,Project!B:E,4,FALSE) -> 12.5 | K14: =SUM(F14,G14,H14,I14,J14) -> 37
A15: 11 | B15: 22020845011 | C15: DEBASISH SADANGI | D15: 5 | E15: 8.5 | F15: =SUM(D15:E15) -> 13.5 | G15: 3 | H15: 5 | I15: =VLOOKUP(B15,'Quiz Marks'!A:B,2,FALSE) -> 13 | J15: =VLOOKUP(B15,Project!B:E,4,FALSE) -> 11 | K15: =SUM(F15,G15,H15,I15,J15) -> 45.5
A16: 12 | B16: 22020845012 | C16: GAUTAM KUMAR | D16: 6 | E16: 8 | F16: =SUM(D16:E16) -> 14 | G16: 3 | H16: 4 | I16: =VLOOKUP(B16,'Quiz Marks'!A:B,2,FALSE) -> 8 | J16: =VLOOKUP(B16,Project!B:E,4,FALSE) -> 12.5 | K16: =SUM(F16,G16,H16,I16,J16) -> 41.5
... A37: 33 | B37: 22020845037 | C37: SRIYANSH SHAW | D37: 1 | E37: 8 | F37: =SUM(D37:E37) -> 9 | G37: 2 | H37: 5 | I37: =VLOOKUP(B37,'Quiz Marks'!A:B,2,FALSE) -> 9 | J37: =VLOOKUP(B37,Project!B:E,4,FALSE) -> 9 | K37: =SUM(F37,G37,H37,I37,J37) -> 34

Sheet Quiz Marks
A1: PRN/Name | B1: Score
A2: 22020845029 | B2: 15
A3: 22020845014 | B3: 11
A4: 22020845017 | B4: 13
A5: 22020845001 | B5: 12
A6: 22020845030 | B6: 8
A7: 22020845012 | B7: 8
A8: 22020845011 | B8: 13
A9: 22020845005 | B9: 6
A10: 22020845010 | B10: 7
A11: 22020845002 | B11: 10
A12: 22020845009 | B12: 10
A13: 22020845018 | B13: 8
... A34: 22020845024 | B34: 7

Sheet PDS-Marks with comments
A1: Sr.No. | B1: PRN | C1: Name | D1: Mid Term | E1: Comments | F1: Assignment in R | G1: Class Test | H1: Assignment | I1: Class test | J1: Project | K1: Total
D2: 44778 | F2: 44789 | G2: 44811 | H2: 44814 | I2: 44825
D3: 44805 | F3: 44805 | G3: 44824 | H3: 44824
D4: 10 | F4: 10 | G4: 5 | H4: 5 | I4: 15 | J4: 15 | K4: =SUM(D4:J4) -> 60
A5: 1 | B5: 22020845001 | C5: ABIN ALIAS | D5: 4 | F5: 8 | G5: 3 | H5: 4 | K5: =SUM(D5,F5,G5,H5,I5,J5) -> 19
A6: 2 | B6: 22020845002 | C6: AKSHAY REDDY TUPALLY | D6: 7.5 | E6: No word doc and Insights | F6: 8 | G6: 0 | H6: 5 | K6: =SUM(D6,F6,G6,H6,I6,J6) -> 20.5
A7: 3 | B7: 22020845003 | C7: ALISHA SAMAL | D7: 3 | F7: 9 | G7: 2 | H7: 4 | K7: =SUM(D7,F7,G7,H7,I7,J7) -> 18
A8: 4 | B8: 22020845004 | C8: AMAN VOHRA | D8: 3 | F8: 8 | G8: 2 | H8: 4 | K8: =SUM(D8,F8,G8,H8,I8,J8) -> 17
A9: 5 | B9: 22020845005 | C9: ANISHA KOUL | D9: 4 | F9: 7.5 | G9: 3 | H9: 4 | K9: =SUM(D9,F9,G9,H9,I9,J9) -> 18.5
A10: 6 | B10: 22020845006 | C10: ANUJ GAUR | D10: 0 | E10: No output | F10: 8 | G10: 3 | H10: 4 | K10: =SUM(D10,F10,G10,H10,I10,J10) -> 15
A11: 7 | B11: 22020845007 | C11: ANURAG MESHRAM | D11: 3 | F11: 8.5 | G11: 3 | H11: 4 | K11: =SUM(D11,F11,G11,H11,I11,J11) -> 18.5
A12: 8 | B12: 22020845008 | C12: ARITRA KARAN | D12: 3 | F12: 9.5 | G12: 3 | H12: 4 | K12: =SUM(D12,F12,G12,H12,I12,J12) -> 19.5
A13: 9 | B13: 22020845009 | C13: ARNAV CHAUHAN | D13: 4 | F13: 8 | G13: 3 | H13: 4 | K13: =SUM(D13,F13,G13,H13,I13,J13) -> 19
A14: 10 | B14: 22020845010 | C14: BISWAS MANISH DILIP | D14: 3 | F14: 8.5 | G14: 2 | H14: 4 | K14: =SUM(D14,F14,G14,H14,I14,J14) -> 17.5
A15: 11 | B15: 22020845011 | C15: DEBASISH SADANGI | D15: 5 | F15: 8.5 | G15: 3 | H15: 5 | K15: =SUM(D15,F15,G15,H15,I15,J15) -> 21.5
A16: 12 | B16: 22020845012 | C16: GAUTAM KUMAR | D16: 6 | F16: 8 | G16: 3 | H16: 4 | K16: =SUM(D16,F16,G16,H16,I16,J16) -> 21
A17: 13 | B17: 22020845013 | C17: GUNEET KAUR | D17: 8.5 | E17: No insights | F17: 8 | G17: 3 | H17: 4 | K17: =SUM(D17,F17,G17,H17,I17,J17) -> 23.5
A18: 14 | B18: 22020845014 | C18: HIRANMAYI G | D18: 7 | F18: 7 | G18: 3 | H18: 4 | K18: =SUM(D18,F18,G18,H18,I18,J18) -> 21
A19: 15 | B19: 22020845015 | C19: HRITHIK PRAKASH BOKADE | D19: 7 | F19: 7 | G19: 3 | H19: 4 | K19: =SUM(D19,F19,G19,H19,I19,J19) -> 21
A20: 16 | B20: 22020845016 | C20: INDRANIL HALDER | D20: 4 | F20: 7 | G20: 3 | H20: 4 | K20: =SUM(D20,F20,G20,H20,I20,J20) -> 18
A21: 17 | B21: 22020845017 | C21: JITHIN GOPAKUMAR KAZHUTHOLAN | D21: 3 | F21: 8.5 | G21: 3 | H21: 5 | K21: =SUM(D21,F21,G21,H21,I21,J21) -> 19.5
A22: 18 | B22: 22020845018 | C22: KARAMJEET SINGH | D22: 5 | F22: 8.5 | G22: 3 | H22: 4 | K22: =SUM(D22,F22,G22,H22,I22,J22) -> 20.5
A23: 19 | B23: 22020845019 | C23: KARTHIK RAJ R | D23: 4 | F23: 7 | G23: 2 | H23: 4 | K23: =SUM(D23,F23,G23,H23,I23,J23) -> 17
A24: 20 | B24: 22020845020 | C24: MAYANK SHARMA | D24: 1 | F24: 7 | G24: 3 | H24: 4 | K24: =SUM(D24,F24,G24,H24,I24,J24) -> 15
A25: 21 | B25: 22020845022 | C25: PANDEY MAYANKKUMAR RAMESHBHAI | D25: 1 | F25: 8 | G25: 2 | H25: 4 | K25: =SUM(D25,F25,G25,H25,I25,J25) -> 15
A26: 22 | B26: 22020845023 | C26: PANDYA HEMANG VIJAYBHAI | D26: 7 | F26: 8 | G26: 2 | H26: 4 | K26: =SUM(D26,F26,G26,H26,I26,J26) -> 21
A27: 23 | B27: 22020845024 | C27: PRANAV MEHTA | D27: 4 | F27: 7 | G27: 3 | H27: 4 | K27: =SUM(D27,F27,G27,H27,I27,J27) -> 18
A28: 24 | B28: 22020845026 | C28: S . ADITYA PRAKASH | D28: 0 | E28: No output | F28: 7 | G28: 3 | H28: 4 | K28: =SUM(D28,F28,G28,H28,I28,J28) -> 14
A29: 25 | B29: 22020845027 | C29: SAIYAM PREET SINGH | D29: 3 | E29: Reading the file was incorrect. | F29: 7 | G29: 3 | H29: 4 | K29: =SUM(D29,F29,G29,H29,I29,J29) -> 17
A30: 26 | B30: 22020845028 | C30: SANSKRITI BAHADUR | D30: 8 | F30: 8 | G30: 3 | H30: 4 | K30: =SUM(D30,F30,G30,H30,I30,J30) -> 23
A31: 27 | B31: 22020845029 | C31: SHIVAM TAYAL | D31: 8.5 | E31: No insights | F31: 9.5 | G31: 3 | H31: 4 | K31: =SUM(D31,F31,G31,H31,I31,J31) -> 25
A32: 28 | B32: 22020845030 | C32: SIMON MONACHAN | D32: 4 | F32: 8 | G32: 2 | H32: 4 | K32: =SUM(D32,F32,G32,H32,I32,J32) -> 18
A33: 29 | B33: 22020845031 | C33: SIMRAN DHINGRA | D33: 5 | F33: 8 | G33: 3 | H33: 4 | K33: =SUM(D33,F33,G33,H33,I33,J33) -> 20
A34: 30 | B34: 22020845033 | C34: SUMENDU GAUTAMAN | D34: 0 | E34: No output | F34: 7 | G34: 2 | H34: 4 | K34: =SUM(D34,F34,G34,H34,I34,J34) -> 13
A35: 31 | B35: 22020845034 | C35: TANDEL SHREYKUMAR BHAVINBHAI | D35: 1 | F35: 7 | G35: 3 | H35: 4 | K35: =SUM(D35,F35,G35,H35,I35,J35) -> 15
A36: 32 | B36: 22020845036 | C36: VIGNESH RAGHAV SUNDARESAN | D36: 1 | F36: 7 | G36: 2 | H36: 4 | K36: =SUM(D36,F36,G36,H36,I36,J36) -> 14
A37: 33 | B37: 22020845037 | C37: SRIYANSH SHAW | D37: 1 | F37: 8 | G37: 2 | H37: 5 | K37: =SUM(D37,F37,G37,H37,I37,J37) -> 16

Sheet Project
A1: SL.NO | B1: PRN | C1: Name | D1: Group# | E1: Score
A2: 1 | B2: 22020845009 | C2: ARNAV CHAUHAN | D2: 1 | E2: 9 | F2: Video Games Sales
A3: 2 | B3: 22020845011 | C3: DEBASISH SADANGI | D3: 1 | E3: 11 | F3: Video Games Sales
A4: 3 | B4: 22020845015 | C4: HRITHIK PRAKASH BOKADE | D4: 1 | E4: 9 | F4: Video Games Sales
A5: 4 | B5: 22020845022 | C5: PANDEY MAYANKKUMAR RAMESHBHAI | D5: 6 | E5: 9 | F5: Video Games Sales
A6: 5 | B6: 22020845037 | C6: SRIYANSH SHAW | D6: 1 | E6: 9 | F6: Video Games Sales
A7: 6 | B7: 22020845006 | C7: ANUJ GAUR | D7: 2 | E7: 11 | F7: Netflix
A8: 7 | B8: 22020845017 | C8: JITHIN GOPAKUMAR KAZHUTHOLAN | D8: 2 | E8: 11 | F8: Netflix
A9: 8 | B9: 22020845019 | C9: KARTHIK RAJ R | D9: 2 | E9: 11 | F9: Netflix
A10: 9 | B10: 22020845028 | C10: SANSKRITI BAHADUR | D10: 2 | E10: 11 | F10: Netflix
A11: 10 | B11: 22020845030 | C11: SIMON MONACHAN | D11: 2 | E11: 11 | F11: Netflix
A12: 11 | B12: 22020845007 | C12: ANURAG MESHRAM | D12: 3 | E12: 12 | F12: FIFA
A13: 12 | B13: 22020845013 | C13: GUNEET KAUR | D13: 3 | E13: 12 | F13: FIFA
... A35: 34 | B35: 22020845031 | C35: SIMRAN DHINGRA | D35: 6 | E35: 10 | F35: Amazon Books

Sheet Quiz
A1: Timestamp | B1: Username | C1: PRN/Name | D1: Row Type | E1: Score | F1: 1. Library that is used to process different file format | G1: 2. Function to get details about the columns - Column names, its Data types, not null count ____________ | H1: 3) Function to get details on number of rows and columns - ________________ | I1: 4) Function to get distinct values in the column -_____________ | J1: 5) Function to get last 5 rows from a dataframe -_____________ | K1: 6) How to retrieve the Product column from the below mentioned dataframe? The dataframe can be referenced as sales_df. | L1: 7) Plot a bar plot using the sales_df sns.barplot(x=________ , y=_______, data=______) | M1: 8) Sort the sales_df dataframe by Sales column sales_df.sort_values(_____________) | N1: 9) Complete the command to format the date old_date = '01-12-2020' new_date = pd.to_datetime(______, format=________) | O1: 10) With what special character the line has to be prefixed while specifying comments | P1: 11) txt = "hello world" print(txt.title()) What is the output of the above code | Q1: 12) x = lambda a, b, c : a + b ** c print(x(5, 3, 2)) | R1: 13. What is the output of the following code? (1) vehicle_details = { "brand": "Ford", "model": "Aspire", "year": 1997 } for x in vehicle_details.values(): print(x) | S1: 14) Name a data visualization library. | T1: 15) Function to read a csv file import pandas as pd df = _____________("myfile.csv")
B2: shivam.tayal24ba@gmail.com | C2: 22020845029 | D2: Marks | E2: 15 | F2: 1 | G2: 1 | H2: 1 | I2: 1 | J2: 1 | K2: 1 | L2: 1 | M2: 1 | N2: 1 | O2: 1 | P2: 1 | Q2: 1 | R2: 1 | S2: 1 | T2: 1
B3: hiranmayi.guntur24ba@sibm.edu.in | C3: 22020845014 | D3: Marks | E3: 11 | F3: 0 | G3: 1 | H3: 1 | I3: 0 | J3: 1 | K3: 1 | L3: 1 | M3: 1 | N3: 0 | O3: 1 | P3: 1 | Q3: 0 | R3: 1 | S3: 1 | T3: 1
B4: jithin.gopakumar24ba@sibm.edu.in | C4: 22020845017 | D4: Marks | E4: 13 | F4: 0 | G4: 1 | H4: 1 | I4: 1 | J4: 1 | K4: 1 | L4: 1 | M4: 1 | N4: 0 | O4: 1 | P4: 1 | Q4: 1 | R4: 1 | S4: 1 | T4: 1
B5: abin.alias24ba@sibm.edu.in | C5: 22020845001 | D5: Marks | E5: 12 | F5: 1 | G5: 1 | H5: 1 | I5: 1 | J5: 1 | K5: 1 | L5: 0 | M5: 1 | N5: 0 | O5: 1 | P5: 0 | Q5: 1 | R5: 1 | S5: 1 | T5: 1
B6: simon.monachan24ba@sibm.edu.in | C6: 22020845030 | D6: Marks | E6: 8 | F6: 0 | G6: 0 | H6: 0 | I6: 1 | J6: 1 | K6: 0 | L6: 1 | M6: 1 | N6: 0 | O6: 0 | P6: 1 | Q6: 0 | R6: 1 | S6: 1 | T6: 1
B7: gautam.kumar24ba@sibm.edu.in | C7: 22020845012 | D7: Marks | E7: 8 | F7: 0 | G7: 0 | H7: 0 | I7: 1 | J7: 1 | K7: 0 | L7: 0 | M7: 0 | N7: 0 | O7: 1 | P7: 1 | Q7: 1 | R7: 1 | S7: 1 | T7: 1
B8: debasish.sadangi24ba@sibm.edu.in | C8: 22020845011 | D8: Marks | E8: 13 | F8: 1 | G8: 1 | H8: 1 | I8: 0 | J8: 1 | K8: 1 | L8: 1 | M8: 0 | N8: 1 | O8: 1 | P8: 1 | Q8: 1 | R8: 1 | S8: 1 | T8: 1
B9: anisha.koul24ba@sibm.edu.in | C9: 22020845005 | D9: Marks | E9: 6 | F9: 0 | G9: 0 | H9: 0 | I9: 1 | J9: 1 | K9: 1 | L9: 0 | M9: 1 | N9: 0 | O9: 1 | P9: 0 | Q9: 0 | R9: 0 | S9: 0 | T9: 1
B10: manish.biswas24ba@sibm.edu.in | C10: 22020845010 | D10: Marks | E10: 7 | F10: 1 | G10: 0 | H10: 0 | I10: 1 | J10: 1 | K10: 0 | L10: 0 | M10: 1 | N10: 0 | O10: 1 | P10: 0 | Q10: 0 | R10: 0 | S10: 1 | T10: 1
B11: akshay.reddy24ba@sibm.edu.in | C11: 22020845002 | D11: Marks | E11: 10 | G11: 0 | I11: 1 | J11: 1 | K11: 1 | L11: 0 | M11: 1 | O11: 1 | P11: 1 | Q11: 1 | R11: 1 | S11: 1 | T11: 1
B12: arnav.chauhan24ba@sibm.edu.in | C12: 22020845009 | D12: Marks | E12: 10 | F12: 0 | G12: 0 | H12: 1 | I12: 1 | J12: 1 | K12: 1 | L12: 0 | M12: 1 | O12: 1 | P12: 1 | R12: 1 | S12: 1 | T12: 1
B13: singh.karamjeet24ba@sibm.edu.in | C13: 22020845018 | D13: Marks | E13: 8 | F13: 0 | G13: 0 | I13: 0 | J13: 1 | K13: 1 | L13: 0 | M13: 1 | O13: 1 | P13: 1 | Q13: 1 | S13: 1 | T13: 1
B14: aritra.karan24ba@sibm.edu.in | C14: 22020845008 | D14: Marks | E14: 4 | F14: 0 | G14: 0 | I14: 1 | J14: 1 | K14: 1 | M14: 0 | S14: 1
B15: sumendu.sautaman24ba@sibm.edu.in | C15: 22020845033 | D15: Marks | E15: 7 | F15: 0 | G15: 0 | I15: 1 | J15: 1 | K15: 1 | M15: 0 | O15: 1 | R15: 1 | S15: 1 | T15: 1
B16: guneet.kaur24ba@sibm.edu.in | C16: 22020845013 | D16: Marks | E16: 11 | F16: 0 | G16: 1 | I16: 1 | J16: 1 | K16: 1 | L16: 0 | M16: 1 | N16: 0 | O16: 1 | P16: 1 | Q16: 1 | R16: 1 | S16: 1 | T16: 1
B17: hemang.pandya24ba@sibm.edu.in | C17: 22020845023 | D17: Marks | E17: 9 | F17: 1 | G17: 0 | I17: 1 | J17: 1 | K17: 1 | L17: 0 | N17: 1 | P17: 1 | R17: 1 | S17: 1 | T17: 1
B18: sriyansh.shaw24ba@sibm.edu.in | C18: 22020845037 | D18: Marks | E18: 9 | F18: 1 | G18: 0 | I18: 1 | J18: 1 | K18: 1 | L18: 0 | O18: 1 | Q18: 1 | R18: 1 | S18: 1 | T18: 1
B19: anurag.meshram24ba@sibm.edu.in | C19: 22020845007 | D19: Marks | E19: 10 | F19: 1 | G19: 0 | I19: 1 | J19: 1 | K19: 1 | L19: 0 | M19: 1 | O19: 1 | P19: 1 | Q19: 1 | S19: 1 | T19: 1
B20: indranil.halder24ba@sibm.edu.in | C20: 22020845016 | D20: Marks | E20: 8 | F20: 0 | G20: 0 | J20: 1 | K20: 1 | L20: 0 | O20: 1 | P20: 1 | Q20: 1 | R20: 1 | S20: 1 | T20: 1
B21: simran.dhingra24ba@sibm.edu.in | C21: 22020845031 | D21: Marks | E21: 12 | F21: 1 | G21: 1 | H21: 1 | I21: 1 | J21: 1 | K21: 1 | L21: 0 | O21: 1 | P21: 1 | Q21: 1 | R21: 1 | S21: 1 | T21: 1
B22: vigneshraghav.sundaresan24ba@sibm.edu.in | C22: 22020845036 | D22: Marks | E22: 8 | F22: 1 | G22: 0 | I22: 1 | J22: 1 | L22: 0 | N22: 1 | O22: 1 | R22: 1 | S22: 1 | T22: 1
B23: mayank.sharma24ba@sibm.edu.in | C23: 22020845020 | D23: Marks | E23: 5 | F23: 0 | G23: 0 | I23: 1 | J23: 1 | L23: 0 | M23: 1 | O23: 1 | Q23: 1
B24: aman.vohra24ba@sibm.edu.in | C24: 22020845004 | D24: Marks | E24: 8 | F24: 1 | G24: 1 | H24: 1 | I24: 1 | J24: 1 | L24: 0 | O24: 1 | S24: 1 | T24: 1
B25: alisha.samal24ba@sibm.edu.in | C25: 22020845003 | D25: Marks | E25: 12 | F25: 0 | G25: 1 | H25: 1 | I25: 1 | J25: 1 | K25: 1 | L25: 0 | N25: 1 | O25: 1 | P25: 1 | Q25: 1 | R25: 1 | S25: 1 | T25: 1
B26: hrithik.bokade24ba@sibm.edu.in | C26: 22020845015 | D26: Marks | E26: 7 | F26: 1 | G26: 0 | H26: 1 | I26: 1 | K26: 1 | L26: 0 | R26: 1 | S26: 1 | T26: 1
B27: saiyam.singh24ba@sibm.edu.in | C27: 22020845027 | D27: Marks | E27: 6 | F27: 1 | G27: 0 | I27: 1 | J27: 1 | K27: 1 | L27: 0 | O27: 1 | S27: 1
B28: tandel.shreykumar24ba@sibm.edu.in | C28: 22020845034 | D28: Marks | E28: 8 | F28: 0 | G28: 0 | I28: 1 | J28: 1 | K28: 1 | L28: 0 | P28: 1 | Q28: 1 | R28: 1 | S28: 1 | T28: 1
B29: karthik.raj24ba@sibm.edu.in | C29: 22020845019 | D29: Marks | E29: 6 | F29: 0 | G29: 0 | I29: 1 | J29: 1 | K29: 1 | L29: 0 | O29: 1 | R29: 1 | S29: 1
B30: aditya.prakash24ba@sibm.edu.in | C30: 22020845026 | D30: Marks | E30: 9 | F30: 1 | G30: 0 | I30: 1 | J30: 1 | K30: 1 | O30: 1 | Q30: 1 | R30: 1 | S30: 1 | T30: 1
B31: sanskriti.bahadur24ba@sibm.edu.in | C31: 22020845028 | D31: Marks | E31: 8 | F31: 0 | G31: 0 | I31: 1 | J31: 1 | K31: 1 | L31: 0 | O31: 1 | Q31: 1 | R31: 1 | S31: 1 | T31: 1
B32: anuj.gaur24ba@sibm.edu.in | C32: 22020845006 | D32: Marks | E32: 9 | F32: 0 | G32: 1 | H32: 1 | I32: 1 | J32: 1 | K32: 1 | L32: 0 | Q32: 1 | R32: 1 | S32: 1 | T32: 1
B33: mayank.pandey24ba@sibm.edu.in | C33: 22020845022 | D33: Marks | E33: 8 | F33: 1 | G33: 0 | I33: 1 | J33: 1 | K33: 1 | L33: 0 | Q33: 1 | R33: 1 | S33: 1 | T33: 1
B34: pranav.mehta24ba@sibm.edu.in | C34: Pranav Mehta | D34: Marks | E34: 7 | F34: 1 | G34: 0 | I34: 1 | J34: 1 | K34: 1 | L34: 0 | R34: 1 | S34: 1 | T34: 1
